gene,site,mutation,n_with_mutation,n_lacking_mutation,n_missing_site,with_mutation
S,16,16:MPLF,1,0,2,hCoV-19/Israel/ICH-741198454/2023
S,21,R21T,1,0,2,hCoV-19/Israel/ICH-741198454/2023
S,50,S50L,3,0,0,hCoV-19/Denmark/DCGC-647646/2023; hCoV-19/Denmark/DCGC-647676/2023; hCoV-19/Israel/ICH-741198454/2023
S,69,H69-,3,0,0,hCoV-19/Denmark/DCGC-647646/2023; hCoV-19/Denmark/DCGC-647676/2023; hCoV-19/Israel/ICH-741198454/2023
S,70,V70-,3,0,0,hCoV-19/Denmark/DCGC-647646/2023; hCoV-19/Denmark/DCGC-647676/2023; hCoV-19/Israel/ICH-741198454/2023
S,83,A83V,3,0,0,hCoV-19/Israel/ICH-741198454/2023; hCoV-19/Denmark/DCGC-647646/2023; hCoV-19/Denmark/DCGC-647676/2023
S,127,V127F,3,0,0,hCoV-19/Denmark/DCGC-647646/2023; hCoV-19/Denmark/DCGC-647676/2023; hCoV-19/Israel/ICH-741198454/2023
S,146,Q146H,3,0,0,hCoV-19/Israel/ICH-741198454/2023; hCoV-19/Denmark/DCGC-647646/2023; hCoV-19/Denmark/DCGC-647676/2023
S,157,F157S,3,0,0,hCoV-19/Denmark/DCGC-647646/2023; hCoV-19/Denmark/DCGC-647676/2023; hCoV-19/Israel/ICH-741198454/2023
S,158,R158G,3,0,0,hCoV-19/Denmark/DCGC-647646/2023; hCoV-19/Denmark/DCGC-647676/2023; hCoV-19/Israel/ICH-741198454/2023
S,183,E183Q,3,0,0,hCoV-19/Israel/ICH-741198454/2023; hCoV-19/Denmark/DCGC-647646/2023; hCoV-19/Denmark/DCGC-647676/2023
S,211,N211-,3,0,0,hCoV-19/Denmark/DCGC-647646/2023; hCoV-19/Denmark/DCGC-647676/2023; hCoV-19/Israel/ICH-741198454/2023
S,212,L212I,3,0,0,hCoV-19/Denmark/DCGC-647646/2023; hCoV-19/Denmark/DCGC-647676/2023; hCoV-19/Israel/ICH-741198454/2023
S,213,E213G,3,0,0,hCoV-19/Denmark/DCGC-647646/2023; hCoV-19/Denmark/DCGC-647676/2023; hCoV-19/Israel/ICH-741198454/2023
S,216,L216F,3,0,0,hCoV-19/Denmark/DCGC-647646/2023; hCoV-19/Denmark/DCGC-647676/2023; hCoV-19/Israel/ICH-741198454/2023
S,245,H245N,3,0,0,hCoV-19/Denmark/DCGC-647646/2023; hCoV-19/Denmark/DCGC-647676/2023; hCoV-19/Israel/ICH-741198454/2023
S,252,V252G,3,0,0,hCoV-19/Israel/ICH-741198454/2023; hCoV-19/Denmark/DCGC-647646/2023; hCoV-19/Denmark/DCGC-647676/2023
S,264,A264D,3,0,0,hCoV-19/Denmark/DCGC-647646/2023; hCoV-19/Denmark/DCGC-647676/2023; hCoV-19/Israel/ICH-741198454/2023
S,332,I332V,3,0,0,hCoV-19/Denmark/DCGC-647646/2023; hCoV-19/Denmark/DCGC-647676/2023; hCoV-19/Israel/ICH-741198454/2023
S,346,T346R,3,0,0,hCoV-19/Israel/ICH-741198454/2023; hCoV-19/Denmark/DCGC-647646/2023; hCoV-19/Denmark/DCGC-647676/2023
S,356,K356T,3,0,0,hCoV-19/Denmark/DCGC-647646/2023; hCoV-19/Denmark/DCGC-647676/2023; hCoV-19/Israel/ICH-741198454/2023
S,368,I368L,3,0,0,hCoV-19/Israel/ICH-741198454/2023; hCoV-19/Denmark/DCGC-647646/2023; hCoV-19/Denmark/DCGC-647676/2023
S,403,R403K,3,0,0,hCoV-19/Denmark/DCGC-647646/2023; hCoV-19/Denmark/DCGC-647676/2023; hCoV-19/Israel/ICH-741198454/2023
S,445,P445H,3,0,0,hCoV-19/Denmark/DCGC-647646/2023; hCoV-19/Denmark/DCGC-647676/2023; hCoV-19/Israel/ICH-741198454/2023
S,450,N450D,3,0,0,hCoV-19/Denmark/DCGC-647646/2023; hCoV-19/Denmark/DCGC-647676/2023; hCoV-19/Israel/ICH-741198454/2023
S,452,L452W,3,0,0,hCoV-19/Denmark/DCGC-647646/2023; hCoV-19/Denmark/DCGC-647676/2023; hCoV-19/Israel/ICH-741198454/2023
S,481,N481K,3,0,0,hCoV-19/Denmark/DCGC-647646/2023; hCoV-19/Denmark/DCGC-647676/2023; hCoV-19/Israel/ICH-741198454/2023
S,483,V483-,1,0,2,hCoV-19/Israel/ICH-741198454/2023
S,484,A484K,3,0,0,hCoV-19/Denmark/DCGC-647646/2023; hCoV-19/Denmark/DCGC-647676/2023; hCoV-19/Israel/ICH-741198454/2023
S,490,S490F,3,0,0,hCoV-19/Israel/ICH-741198454/2023; hCoV-19/Denmark/DCGC-647646/2023; hCoV-19/Denmark/DCGC-647676/2023
S,554,E554K,2,1,0,hCoV-19/Denmark/DCGC-647646/2023; hCoV-19/Denmark/DCGC-647676/2023
S,570,A570V,3,0,0,hCoV-19/Denmark/DCGC-647646/2023; hCoV-19/Denmark/DCGC-647676/2023; hCoV-19/Israel/ICH-741198454/2023
S,621,P621S,3,0,0,hCoV-19/Denmark/DCGC-647646/2023; hCoV-19/Denmark/DCGC-647676/2023; hCoV-19/Israel/ICH-741198454/2023
S,670,I670V,1,2,0,hCoV-19/Israel/ICH-741198454/2023
S,681,H681R,3,0,0,hCoV-19/Denmark/DCGC-647646/2023; hCoV-19/Denmark/DCGC-647676/2023; hCoV-19/Israel/ICH-741198454/2023
S,939,S939F,3,0,0,hCoV-19/Denmark/DCGC-647646/2023; hCoV-19/Denmark/DCGC-647676/2023; hCoV-19/Israel/ICH-741198454/2023
S,1143,P1143L,3,0,0,hCoV-19/Denmark/DCGC-647646/2023; hCoV-19/Denmark/DCGC-647676/2023; hCoV-19/Israel/ICH-741198454/2023
